month,track_id,spotify_streams,spotify_revenue,youtube_streams,youtube_revenue,apple_streams,apple_revenue,publishing_revenue,neighboring_rights_revenue,sync_revenue,other_revenue,total_revenue
2024-06,TRK_M_001,1455146,2910.29,3564362,7128.72,739271,1478.54,1311.53,261.46,0.0,413.74,13504.279999999999
2024-06,TRK_M_002,1241051,2482.1,3767396,7534.79,577383,1154.77,1288.01,241.7,0.0,379.38,13080.75
2024-06,TRK_M_003,617137,1234.28,1882725,3765.45,325677,651.36,666.6,136.7,0.0,189.94,6644.329999999999
2024-06,TRK_M_004,58117,116.24,161194,322.39,29655,59.31,56.14,12.65,0.0,16.98,583.71
2024-06,TRK_M_005,30483,60.97,81004,162.01,14769,29.54,31.19,6.42,0.0,8.97,299.1
2024-06,TRK_M_006,28045,56.09,67001,134.0,14321,28.64,25.31,5.56,0.0,7.05,256.65000000000003
2024-06,TRK_M_007,65510,131.02,156452,312.9,27405,54.81,64.37,11.48,0.0,16.59,591.17
2024-06,TRK_M_008,68921,137.84,186029,372.06,32716,65.43,67.16,14.6,0.0,21.41,678.4999999999999
2024-06,TRK_M_009,48105,96.21,126491,252.98,24459,48.92,49.06,9.62,0.0,13.38,470.17
2024-06,TRK_M_010,91233,182.47,283290,566.58,48661,97.32,95.28,17.89,0.0,26.74,986.2800000000001
2024-06,TRK_M_011,62270,124.54,179673,359.35,29655,59.31,64.49,13.67,0.0,18.85,640.21
2024-06,TRK_M_012,46520,93.04,149920,299.84,25044,50.09,50.71,10.15,0.0,16.52,520.35
2024-06,TRK_M_013,45397,90.8,120173,240.35,22300,44.6,43.36,8.43,0.0,13.71,441.25
2024-06,TRK_M_014,39815,79.63,106786,213.57,20225,40.45,38.24,8.13,0.0,10.77,390.78999999999996
2024-06,TRK_M_015,61962,123.92,175860,351.72,30514,61.03,66.01,11.7,0.0,20.02,634.4000000000001
2024-06,TRK_M_016,39181,78.36,110406,220.81,20236,40.47,43.28,7.61,0.0,12.79,403.32
2024-06,TRK_M_017,11077,22.16,29233,58.47,4865,9.73,10.55,1.97,0.0,3.19,106.07
2024-06,TRK_M_018,40439,80.88,115280,230.56,22340,44.68,38.91,7.76,0.0,11.44,414.22999999999996
2024-06,TRK_M_019,65540,131.08,178882,357.77,32306,64.61,70.92,13.43,0.0,18.49,656.3
2024-06,TRK_M_020,22617,45.23,57693,115.39,10729,21.46,23.01,4.56,0.0,6.32,215.97
2024-06,TRK_M_021,20013,40.03,59166,118.33,10126,20.25,22.75,4.28,0.0,6.55,212.19000000000003
2024-06,TRK_M_022,64405,128.81,148912,297.83,29032,58.07,60.25,11.02,0.0,17.21,573.19
2024-06,TRK_M_023,61014,122.03,169576,339.15,29457,58.91,63.05,11.78,0.0,19.77,614.6899999999998
2024-06,TRK_M_024,55271,110.54,154267,308.53,27421,54.84,53.3,10.87,0.0,17.17,555.2499999999999
2024-06,TRK_M_025,91613,183.23,272280,544.56,48707,97.42,87.72,19.37,0.0,26.8,959.0999999999999
2024-06,TRK_M_026,82504,165.01,227947,455.89,39533,79.07,72.85,17.53,0.0,21.85,812.2
2024-06,TRK_M_027,56881,113.76,139965,279.93,26845,53.69,48.8,10.8,0.0,15.4,522.38
2024-06,TRK_M_028,70695,141.39,208842,417.69,37338,74.68,79.62,13.93,0.0,20.0,747.31
2024-06,TRK_M_029,34186,68.37,103486,206.97,16966,33.93,40.63,7.3,0.0,10.93,368.13000000000005
2024-06,TRK_M_030,43464,86.93,105012,210.03,21638,43.28,44.72,8.38,0.0,12.39,405.73
2024-07,TRK_M_001,1305158,2610.32,3595164,7190.33,661171,1322.34,1389.44,252.56,0.0,382.72,13147.71
2024-07,TRK_M_002,1193278,2386.56,3081855,6163.71,604387,1208.77,1253.11,233.56,0.0,363.56,11609.27
2024-07,TRK_M_003,694414,1388.83,1908613,3817.23,372109,744.22,739.51,140.43,0.0,225.99,7056.21
2024-07,TRK_M_004,76549,153.1,220338,440.68,36928,73.86,77.03,15.52,0.0,23.74,783.93
2024-07,TRK_M_005,34912,69.82,95106,190.21,15833,31.67,35.11,7.09,0.0,10.83,344.72999999999996
2024-07,TRK_M_006,25651,51.3,59483,118.97,10792,21.58,23.43,4.63,0.0,6.91,226.81999999999996
2024-07,TRK_M_007,67450,134.9,163628,327.26,30025,60.05,64.83,12.99,0.0,18.71,618.74
2024-07,TRK_M_008,72961,145.92,185031,370.06,33824,67.65,68.59,15.24,0.0,20.63,688.09
2024-07,TRK_M_009,46155,92.31,126166,252.33,19986,39.97,45.57,8.44,0.0,12.23,450.85
2024-07,TRK_M_010,89792,179.59,246637,493.28,41148,82.3,90.52,19.18,0.0,27.46,892.3299999999999
2024-07,TRK_M_011,74300,148.6,207261,414.52,40149,80.3,80.51,14.17,0.0,22.63,760.7299999999999
2024-07,TRK_M_012,55608,111.22,152104,304.21,28687,57.37,62.45,10.69,0.0,18.32,564.2600000000001
2024-07,TRK_M_013,43351,86.7,134452,268.9,24147,48.3,48.67,8.61,0.0,14.83,476.01
2024-07,TRK_M_014,34179,68.36,83904,167.81,15236,30.47,33.54,7.21,0.0,9.71,317.09999999999997
2024-07,TRK_M_015,86114,172.23,214028,428.06,38894,77.79,85.73,17.79,0.0,24.74,806.3399999999999
2024-07,TRK_M_016,58215,116.43,143739,287.48,26875,53.75,55.02,9.71,0.0,16.67,539.0600000000001
2024-07,TRK_M_017,10436,20.87,25967,51.93,4793,9.59,9.86,2.05,0.0,2.75,97.05
2024-07,TRK_M_018,39376,78.75,121315,242.63,19330,38.66,45.9,7.96,0.0,12.91,426.80999999999995
2024-07,TRK_M_019,84365,168.73,234208,468.42,39409,78.82,76.06,15.98,0.0,21.53,829.54
2024-07,TRK_M_020,21105,42.21,53974,107.95,9169,18.34,19.75,4.25,0.0,5.98,198.48
2024-07,TRK_M_021,19994,39.99,60475,120.95,9882,19.77,20.57,4.63,0.0,6.3,212.21
2024-07,TRK_M_022,54773,109.55,150477,300.96,25309,50.62,49.77,11.32,0.0,17.22,539.44
2024-07,TRK_M_023,67584,135.17,186084,372.17,34458,68.92,68.71,12.58,0.0,21.07,678.6200000000001
2024-07,TRK_M_024,76494,152.99,206215,412.43,38199,76.4,69.69,15.2,0.0,21.99,748.7
2024-07,TRK_M_025,83661,167.32,232892,465.79,36632,73.27,81.56,15.74,0.0,25.11,828.7900000000001
2024-07,TRK_M_026,76606,153.21,209373,418.75,37975,75.95,76.74,13.84,0.0,22.1,760.5900000000001
2024-07,TRK_M_027,49124,98.25,135731,271.46,25006,50.01,56.89,11.69,0.0,17.75,506.04999999999995
2024-07,TRK_M_028,79849,159.7,190591,381.18,38214,76.43,69.01,14.94,0.0,23.66,724.92
2024-07,TRK_M_029,33492,66.98,103435,206.87,16922,33.85,33.88,7.39,0.0,11.35,360.32000000000005
2024-07,TRK_M_030,42953,85.91,117265,234.53,20459,40.92,47.12,8.46,0.0,12.67,429.61
2024-08,TRK_M_001,1722960,3445.92,4743634,9487.27,866166,1732.33,1563.15,344.91,0.0,507.61,17081.190000000002
2024-08,TRK_M_002,1175733,2351.47,3578493,7156.99,598550,1197.1,1346.38,251.39,0.0,344.21,12647.539999999997
2024-08,TRK_M_003,625782,1251.56,1987214,3974.43,360732,721.46,711.88,149.68,0.0,216.28,7025.29
2024-08,TRK_M_004,80586,161.17,224090,448.18,40299,80.6,77.94,15.45,0.0,21.13,804.4700000000001
2024-08,TRK_M_005,30609,61.22,83035,166.07,14026,28.05,32.99,6.4,0.0,9.57,304.29999999999995
2024-08,TRK_M_006,30043,60.09,83189,166.38,13871,27.74,31.7,6.43,0.0,9.36,301.70000000000005
2024-08,TRK_M_007,76880,153.76,203719,407.44,34531,69.06,64.79,13.29,0.0,22.63,730.9699999999999
2024-08,TRK_M_008,80428,160.86,213612,427.23,36050,72.1,82.26,14.84,0.0,24.13,781.4200000000001
2024-08,TRK_M_009,48738,97.48,138105,276.21,25816,51.63,49.51,9.92,0.0,14.45,499.2
2024-08,TRK_M_010,92373,184.75,297493,594.99,49532,99.06,105.38,19.92,0.0,29.65,1033.75
2024-08,TRK_M_011,92676,185.35,236415,472.83,43345,86.69,90.46,18.27,0.0,24.16,877.7599999999999
2024-08,TRK_M_012,59299,118.6,158341,316.68,30705,61.41,62.0,12.0,0.0,17.69,588.38
2024-08,TRK_M_013,48699,97.4,127434,254.87,23763,47.53,44.02,8.2,0.0,14.05,466.06999999999994
2024-08,TRK_M_014,44268,88.54,116505,233.01,22082,44.17,40.74,9.1,0.0,12.59,428.15000000000003
2024-08,TRK_M_015,68014,136.03,204398,408.8,40242,80.48,70.57,14.77,0.0,22.8,733.45
2024-08,TRK_M_016,48442,96.89,143799,287.6,22338,44.68,48.35,10.24,0.0,13.44,501.20000000000005
2024-08,TRK_M_017,12283,24.57,34228,68.46,6187,12.38,13.18,2.32,0.0,3.79,124.7
2024-08,TRK_M_018,46107,92.21,133236,266.47,25737,51.48,51.02,10.28,0.0,16.24,487.7
2024-08,TRK_M_019,92469,184.94,242096,484.19,44759,89.52,89.99,16.83,0.0,28.45,893.9200000000001
2024-08,TRK_M_020,23582,47.17,68178,136.36,12109,24.22,24.6,5.39,0.0,6.95,244.69
2024-08,TRK_M_021,21790,43.58,63338,126.68,12003,24.01,24.79,4.41,0.0,6.4,229.86999999999998
2024-08,TRK_M_022,59035,118.07,177222,354.44,32951,65.9,54.79,10.89,0.0,17.52,621.6099999999999
2024-08,TRK_M_023,64112,128.22,183296,366.59,29314,58.63,60.42,12.53,0.0,17.88,644.2699999999999
2024-08,TRK_M_024,70570,141.14,173257,346.51,34023,68.05,71.09,14.29,0.0,18.29,659.3699999999999
2024-08,TRK_M_025,108610,217.22,296972,593.94,51198,102.4,105.37,22.21,0.0,31.66,1072.8000000000002
2024-08,TRK_M_026,66874,133.75,204439,408.88,32741,65.48,72.04,12.59,0.0,20.57,713.3100000000001
2024-08,TRK_M_027,59444,118.89,161137,322.27,33733,67.47,58.05,12.25,0.0,20.09,599.02
2024-08,TRK_M_028,75623,151.25,251023,502.05,38746,77.49,91.65,15.39,0.0,26.07,863.9
2024-08,TRK_M_029,38041,76.08,106626,213.25,21364,42.73,40.0,7.89,0.0,12.22,392.17
2024-08,TRK_M_030,41994,83.99,124636,249.27,20036,40.07,40.28,8.23,0.0,11.68,433.52000000000004
2024-09,TRK_M_001,1401754,2803.51,4326225,8652.45,711190,1422.38,1530.97,286.94,0.0,424.79,15121.04
2024-09,TRK_M_002,1314055,2628.11,3384209,6768.42,609931,1219.86,1284.77,242.2,0.0,392.09,12535.450000000003
2024-09,TRK_M_003,1005459,2010.92,2289761,4579.52,503844,1007.69,860.54,199.64,0.0,264.33,8922.640000000001
2024-09,TRK_M_004,74342,148.69,247505,495.01,37028,74.06,85.3,16.62,0.0,25.33,845.01
2024-09,TRK_M_005,34431,68.86,104194,208.39,19164,38.33,33.41,7.34,0.0,11.49,367.82
2024-09,TRK_M_006,30878,61.76,76680,153.36,15812,31.63,28.78,5.93,0.0,9.48,290.94
2024-09,TRK_M_007,67105,134.21,191587,383.18,31428,62.86,65.53,12.88,0.0,20.14,678.8
2024-09,TRK_M_008,72237,144.47,217330,434.66,39675,79.35,76.88,16.09,0.0,21.05,772.5
2024-09,TRK_M_009,58164,116.33,170008,340.02,27509,55.02,53.4,11.14,0.0,17.48,593.39
2024-09,TRK_M_010,117922,235.84,266513,533.03,57684,115.37,105.38,23.02,0.0,31.12,1043.76
2024-09,TRK_M_011,92182,184.37,254340,508.68,48676,97.35,83.34,19.36,0.0,27.54,920.64
2024-09,TRK_M_012,66758,133.52,165971,331.94,35081,70.16,68.14,13.78,0.0,17.73,635.27
2024-09,TRK_M_013,51156,102.31,134548,269.1,23329,46.66,50.01,9.37,0.0,16.13,493.58000000000004
2024-09,TRK_M_014,41051,82.1,122270,244.54,23274,46.55,38.47,8.09,0.0,11.98,431.72999999999996
2024-09,TRK_M_015,96542,193.08,243988,487.98,43629,87.26,87.95,16.83,0.0,25.38,898.4800000000001
2024-09,TRK_M_016,51781,103.56,147119,294.24,23600,47.2,52.74,9.1,0.0,16.13,522.97
2024-09,TRK_M_017,14354,28.71,39431,78.86,6924,13.85,14.82,2.55,0.0,4.01,142.79999999999998
2024-09,TRK_M_018,50501,101.0,141706,283.41,27916,55.83,50.78,9.93,0.0,16.21,517.16
2024-09,TRK_M_019,91310,182.62,242422,484.85,45990,91.98,78.35,16.91,0.0,27.5,882.21
2024-09,TRK_M_020,25924,51.85,66368,132.74,11372,22.74,22.88,5.11,0.0,7.19,242.51000000000002
2024-09,TRK_M_021,25517,51.03,75332,150.67,14119,28.24,29.81,4.95,0.0,7.46,272.15999999999997
2024-09,TRK_M_022,72269,144.54,188287,376.57,34744,69.49,70.13,13.47,0.0,21.17,695.37
2024-09,TRK_M_023,61879,123.76,179228,358.46,32630,65.26,57.85,11.35,0.0,17.16,633.84
2024-09,TRK_M_024,87433,174.87,230895,461.79,42279,84.56,79.26,14.75,0.0,24.42,839.65
2024-09,TRK_M_025,103167,206.34,278606,557.21,45114,90.23,94.46,18.8,0.0,31.24,998.2800000000001
2024-09,TRK_M_026,97349,194.7,245588,491.18,45145,90.29,88.86,16.59,0.0,26.54,908.16
2024-09,TRK_M_027,66070,132.14,191374,382.75,34316,68.63,65.51,13.52,0.0,19.34,681.89
2024-09,TRK_M_028,91642,183.28,254430,508.86,46081,92.16,84.65,18.28,0.0,25.42,912.6499999999999
2024-09,TRK_M_029,42130,84.26,124590,249.18,25047,50.09,48.02,9.11,0.0,12.42,453.08
2024-09,TRK_M_030,42428,84.86,120635,241.27,22389,44.78,43.93,9.49,0.0,13.66,437.99
2024-10,TRK_M_001,1928249,3856.5,5187679,10375.36,853254,1706.51,1707.9,359.21,0.0,513.75,18519.23
2024-10,TRK_M_002,1325433,2650.87,3777490,7554.98,669453,1338.91,1544.34,254.07,0.0,418.55,13761.719999999998
2024-10,TRK_M_003,795288,1590.58,2142543,4285.09,470303,940.61,905.9,169.27,0.0,246.61,8138.0599999999995
2024-10,TRK_M_004,88285,176.57,230290,460.58,41321,82.64,88.46,17.56,0.0,24.31,850.1199999999999
2024-10,TRK_M_005,42547,85.09,121339,242.68,23243,46.49,40.0,9.19,0.0,12.47,435.92
2024-10,TRK_M_006,31382,62.77,75937,151.88,15478,30.96,28.93,6.38,0.0,8.74,289.66
2024-10,TRK_M_007,73246,146.49,210939,421.88,38025,76.05,79.83,14.06,0.0,24.13,762.4399999999999
2024-10,TRK_M_008,94514,189.03,265202,530.4,44330,88.66,91.19,17.89,0.0,30.55,947.7199999999999
2024-10,TRK_M_009,62109,124.22,175521,351.04,27637,55.28,59.3,12.32,0.0,18.8,620.9599999999999
2024-10,TRK_M_010,100961,201.92,298167,596.33,48652,97.31,107.93,20.02,0.0,31.03,1054.54
2024-10,TRK_M_011,84772,169.54,234638,469.28,41614,83.23,83.38,16.65,0.0,27.84,849.92
2024-10,TRK_M_012,61515,123.03,175174,350.35,31917,63.84,54.75,11.86,0.0,16.09,619.9200000000001
2024-10,TRK_M_013,49593,99.19,129651,259.3,24189,48.38,44.56,9.08,0.0,12.71,473.21999999999997
2024-10,TRK_M_014,46587,93.18,132619,265.24,22915,45.83,44.87,9.89,0.0,14.39,473.4
2024-10,TRK_M_015,75653,151.31,231526,463.05,38024,76.05,84.8,17.08,0.0,22.9,815.1899999999999
2024-10,TRK_M_016,52251,104.5,144571,289.14,27795,55.59,55.55,10.14,0.0,17.89,532.8100000000001
2024-10,TRK_M_017,11476,22.95,31443,62.89,5863,11.73,10.89,2.42,0.0,3.3,114.18
2024-10,TRK_M_018,54701,109.4,141178,282.36,27651,55.3,57.68,10.69,0.0,16.74,532.1700000000001
2024-10,TRK_M_019,91212,182.42,245540,491.08,42063,84.13,77.5,17.52,0.0,24.09,876.74
2024-10,TRK_M_020,25681,51.36,58640,117.28,11282,22.56,24.14,4.91,0.0,6.93,227.17999999999998
2024-10,TRK_M_021,27941,55.88,77756,155.51,13555,27.11,26.67,5.42,0.0,9.23,279.82000000000005
2024-10,TRK_M_022,63578,127.16,199508,399.02,33263,66.53,71.07,13.1,0.0,21.4,698.28
2024-10,TRK_M_023,78428,156.86,209775,419.55,36225,72.45,80.45,14.99,0.0,21.04,765.3400000000001
2024-10,TRK_M_024,80520,161.04,210261,420.52,35487,70.98,79.36,16.83,0.0,22.79,771.52
2024-10,TRK_M_025,114071,228.14,327802,655.6,52399,104.8,113.36,21.85,0.0,33.22,1156.9699999999998
2024-10,TRK_M_026,84524,169.05,234107,468.21,39300,78.6,92.29,16.97,0.0,23.44,848.5600000000001
2024-10,TRK_M_027,64733,129.47,173778,347.56,37154,74.31,66.53,13.13,0.0,22.01,653.0099999999999
2024-10,TRK_M_028,75590,151.18,199697,399.4,42554,85.11,75.82,16.21,0.0,22.13,749.85
2024-10,TRK_M_029,43034,86.07,106941,213.88,20035,40.07,42.29,8.79,0.0,11.06,402.16
2024-10,TRK_M_030,43607,87.22,129791,259.58,19718,39.44,42.09,8.86,0.0,13.77,450.9599999999999
2024-11,TRK_M_001,1656412,3312.82,4264421,8528.84,839132,1678.26,1614.99,284.75,0.0,480.55,15900.21
2024-11,TRK_M_002,1425371,2850.74,3634703,7269.41,647090,1294.18,1493.6,259.28,0.0,408.86,13576.070000000002
2024-11,TRK_M_003,847974,1695.95,2550811,5101.62,474563,949.13,809.09,173.2,0.0,235.06,8964.05
2024-11,TRK_M_004,92461,184.92,265924,531.85,48252,96.51,86.0,19.79,0.0,30.18,949.2499999999999
2024-11,TRK_M_005,44424,88.85,125617,251.23,20251,40.5,38.91,7.76,0.0,12.39,439.64
2024-11,TRK_M_006,36622,73.25,105581,211.16,18498,37.0,37.51,7.43,0.0,10.81,377.15999999999997
2024-11,TRK_M_007,77215,154.43,228772,457.55,38037,76.08,78.81,14.66,0.0,21.95,803.4800000000001
2024-11,TRK_M_008,78150,156.3,210076,420.15,37263,74.53,75.83,17.14,0.0,24.89,768.84
2024-11,TRK_M_009,55472,110.94,152343,304.69,26584,53.17,55.78,10.36,0.0,16.03,550.97
2024-11,TRK_M_010,150697,301.4,340259,680.52,70360,140.72,135.71,24.74,0.0,39.76,1322.85
2024-11,TRK_M_011,94510,189.02,238423,476.85,42503,85.01,87.12,16.96,0.0,28.14,883.1
2024-11,TRK_M_012,55881,111.76,159003,318.01,29465,58.93,51.3,11.31,0.0,15.36,566.67
2024-11,TRK_M_013,43078,86.16,120920,241.84,24467,48.94,43.04,9.88,0.0,13.21,443.07
2024-11,TRK_M_014,44048,88.1,121410,242.82,19722,39.45,40.22,8.94,0.0,12.58,432.1099999999999
2024-11,TRK_M_015,90450,180.9,239711,479.42,37811,75.62,81.47,15.25,0.0,26.02,858.6800000000001
2024-11,TRK_M_016,57665,115.33,159932,319.87,30640,61.28,61.62,13.21,0.0,19.67,590.98
2024-11,TRK_M_017,14955,29.91,36098,72.2,7112,14.22,14.51,2.76,0.0,4.03,137.63
2024-11,TRK_M_018,60051,120.1,179364,358.73,31993,63.99,57.4,10.8,0.0,17.56,628.5799999999999
2024-11,TRK_M_019,111003,222.01,294696,589.39,50552,101.1,110.17,20.99,0.0,30.89,1074.55
2024-11,TRK_M_020,22871,45.74,61937,123.87,11128,22.26,23.89,4.43,0.0,6.72,226.91
2024-11,TRK_M_021,28996,57.99,73004,146.01,12778,25.56,26.68,5.43,0.0,8.3,269.97
2024-11,TRK_M_022,74236,148.47,174264,348.53,30712,61.43,65.85,13.47,0.0,19.94,657.69
2024-11,TRK_M_023,53174,106.35,153807,307.62,31161,62.32,62.31,11.96,0.0,17.43,567.99
2024-11,TRK_M_024,83185,166.37,237665,475.33,41388,82.78,84.53,16.93,0.0,28.36,854.3
2024-11,TRK_M_025,100590,201.18,281403,562.81,50274,100.55,89.76,19.34,0.0,28.11,1001.75
2024-11,TRK_M_026,97592,195.19,249332,498.66,45715,91.43,89.64,18.76,0.0,30.66,924.3399999999999
2024-11,TRK_M_027,65293,130.59,183290,366.58,34259,68.52,74.82,15.25,0.0,22.38,678.14
2024-11,TRK_M_028,87548,175.1,276633,553.27,51569,103.14,98.72,17.91,0.0,30.61,978.75
2024-11,TRK_M_029,45421,90.84,118771,237.54,22506,45.01,45.05,9.03,0.0,11.63,439.09999999999997
2024-11,TRK_M_030,58282,116.56,162898,325.8,25750,51.5,53.59,12.21,0.0,17.33,576.9900000000001
2024-12,TRK_M_001,1683309,3366.62,5147989,10295.98,861058,1722.12,1814.12,315.68,0.0,467.64,17982.159999999996
2024-12,TRK_M_002,1865852,3731.71,4535818,9071.64,880049,1760.1,1646.38,361.89,0.0,584.38,17156.1
2024-12,TRK_M_003,1013238,2026.48,2754748,5509.5,429000,858.0,888.35,179.64,0.0,272.85,9734.82
2024-12,TRK_M_004,85450,170.9,258303,516.61,43472,86.95,80.4,17.31,0.0,25.04,897.2099999999999
2024-12,TRK_M_005,40730,81.46,111434,222.87,22769,45.54,41.58,8.49,0.0,13.01,412.95
2024-12,TRK_M_006,37020,74.04,92476,184.95,18607,37.22,35.44,7.58,0.0,9.63,348.86
2024-12,TRK_M_007,77131,154.26,195578,391.16,38786,77.57,64.75,14.47,0.0,20.3,722.51
2024-12,TRK_M_008,101187,202.38,241382,482.77,49386,98.77,86.98,19.27,0.0,25.15,915.3199999999999
2024-12,TRK_M_009,64847,129.69,193376,386.75,33624,67.25,60.78,13.33,0.0,20.8,678.6
2024-12,TRK_M_010,140530,281.06,352951,705.9,61681,123.36,128.56,26.13,0.0,40.17,1305.18
2024-12,TRK_M_011,86975,173.95,219556,439.11,44979,89.96,90.52,18.03,0.0,26.8,838.3699999999999
2024-12,TRK_M_012,70419,140.84,197838,395.68,37524,75.05,63.71,13.7,0.0,20.5,709.48
2024-12,TRK_M_013,48548,97.1,140058,280.12,22504,45.01,50.61,8.73,0.0,14.17,495.74000000000007
2024-12,TRK_M_014,45454,90.91,121234,242.47,24281,48.56,41.68,8.79,0.0,12.56,444.97
2024-12,TRK_M_015,100790,201.58,266123,532.25,52049,104.1,95.25,18.3,0.0,30.66,982.14
2024-12,TRK_M_016,68610,137.22,167561,335.12,32816,65.63,69.25,12.09,0.0,21.21,640.5200000000001
2024-12,TRK_M_017,12103,24.21,31084,62.17,6498,13.0,11.32,2.21,0.0,3.66,116.56999999999998
2024-12,TRK_M_018,56196,112.39,184530,369.06,33311,66.62,56.18,13.21,0.0,19.97,637.43
2024-12,TRK_M_019,94592,189.19,235209,470.42,48144,96.29,87.57,17.26,0.0,27.38,888.11
2024-12,TRK_M_020,27678,55.36,68341,136.68,12949,25.9,26.69,5.52,0.0,8.08,258.23
2024-12,TRK_M_021,28962,57.92,70361,140.72,14702,29.41,26.38,5.9,0.0,8.66,268.99
2024-12,TRK_M_022,66471,132.94,184247,368.5,27870,55.74,64.95,11.39,0.0,19.88,653.4
2024-12,TRK_M_023,75152,150.3,202011,404.02,41078,82.16,82.48,15.38,0.0,22.28,756.6199999999999
2024-12,TRK_M_024,74962,149.93,212003,424.01,40523,81.05,82.45,13.7,0.0,21.99,773.1300000000001
2024-12,TRK_M_025,93499,187.0,287424,574.85,46825,93.65,93.7,19.81,0.0,29.2,998.21
2024-12,TRK_M_026,118220,236.44,315757,631.52,57075,114.15,100.63,19.88,0.0,29.74,1132.3600000000001
2024-12,TRK_M_027,80101,160.2,226623,453.25,43314,86.63,96.36,17.34,0.0,24.7,838.4800000000001
2024-12,TRK_M_028,108202,216.41,247984,495.97,53112,106.22,99.35,18.47,0.0,30.83,967.2500000000001
2024-12,TRK_M_029,51198,102.4,133453,266.91,23215,46.43,45.24,9.23,0.0,13.95,484.1600000000001
2024-12,TRK_M_030,48082,96.17,121039,242.08,26012,52.03,51.55,9.78,0.0,14.06,465.66999999999996
2025-01,TRK_M_001,2031331,4062.66,6524379,13048.76,1059693,2119.39,2206.81,407.68,0.0,614.08,22459.38
2025-01,TRK_M_002,1980302,3960.6,4675455,9350.91,918504,1837.01,1914.39,352.41,0.0,506.12,17921.44
2025-01,TRK_M_003,943933,1887.87,2715511,5431.02,438902,877.8,996.77,177.56,0.0,263.77,9634.79
2025-01,TRK_M_004,108077,216.15,257817,515.64,51849,103.7,100.8,19.62,0.0,31.25,987.16
2025-01,TRK_M_005,39361,78.72,117161,234.32,21388,42.78,44.41,8.8,0.0,13.18,422.2099999999999
2025-01,TRK_M_006,39820,79.64,98184,196.37,18464,36.93,41.83,8.44,0.0,10.55,373.76
2025-01,TRK_M_007,78313,156.63,241620,483.24,40390,80.78,78.19,15.63,0.0,27.65,842.1199999999999
2025-01,TRK_M_008,95647,191.3,252055,504.11,47866,95.73,104.54,18.14,0.0,29.42,943.24
2025-01,TRK_M_009,62699,125.4,173009,346.02,32408,64.82,59.46,12.11,0.0,20.04,627.85
2025-01,TRK_M_010,111194,222.39,305299,610.6,61227,122.45,115.99,23.59,0.0,32.01,1127.03
2025-01,TRK_M_011,101348,202.7,318241,636.48,48946,97.89,111.5,21.53,0.0,30.45,1100.5500000000002
2025-01,TRK_M_012,65037,130.07,160157,320.31,29477,58.95,59.63,11.94,0.0,19.3,600.2
2025-01,TRK_M_013,51384,102.77,136347,272.7,26245,52.49,53.02,9.63,0.0,14.5,505.10999999999996
2025-01,TRK_M_014,51799,103.6,121853,243.71,25219,50.44,51.57,8.69,0.0,14.24,472.25
2025-01,TRK_M_015,93420,186.84,250706,501.41,40077,80.16,92.81,16.95,0.0,25.94,904.1100000000001
2025-01,TRK_M_016,55846,111.69,153378,306.76,28676,57.35,58.88,11.32,0.0,18.18,564.1800000000001
2025-01,TRK_M_017,13787,27.58,40358,80.72,6884,13.77,13.27,2.55,0.0,3.97,141.86
2025-01,TRK_M_018,50506,101.01,143065,286.13,27273,54.55,58.27,11.87,0.0,18.38,530.21
2025-01,TRK_M_019,113642,227.29,260096,520.19,49100,98.2,98.74,22.99,0.0,33.75,1001.1600000000001
2025-01,TRK_M_020,33834,67.67,89309,178.62,17602,35.21,33.04,6.4,0.0,9.16,330.1
2025-01,TRK_M_021,24865,49.73,67269,134.54,13065,26.13,23.49,5.26,0.0,7.29,246.43999999999997
2025-01,TRK_M_022,67480,134.96,175625,351.25,33382,66.76,62.75,12.39,0.0,17.37,645.48
2025-01,TRK_M_023,75659,151.32,189738,379.48,39149,78.3,75.37,14.48,0.0,24.57,723.52
2025-01,TRK_M_024,76924,153.85,220785,441.57,33725,67.45,73.69,14.47,0.0,22.76,773.79
2025-01,TRK_M_025,105911,211.82,280690,561.38,54695,109.39,96.01,20.54,0.0,30.11,1029.25
2025-01,TRK_M_026,100987,201.98,261738,523.48,55098,110.2,109.42,21.58,0.0,28.54,995.2
2025-01,TRK_M_027,89630,179.26,234308,468.62,37165,74.33,78.91,16.33,0.0,23.23,840.6800000000001
2025-01,TRK_M_028,86271,172.54,243757,487.51,41261,82.52,85.75,17.16,0.0,24.19,869.67
2025-01,TRK_M_029,42592,85.19,129077,258.15,19858,39.72,43.2,9.44,0.0,14.06,449.75999999999993
2025-01,TRK_M_030,61923,123.85,155183,310.37,27449,54.9,56.38,11.37,0.0,17.36,574.23
2025-02,TRK_M_001,2394146,4788.29,6574465,13148.93,1164059,2328.12,2100.34,409.36,0.0,643.41,23418.45
2025-02,TRK_M_002,1598207,3196.41,4343607,8687.21,927948,1855.9,1766.2,355.81,0.0,499.18,16360.71
2025-02,TRK_M_003,944186,1888.37,2651252,5302.5,540421,1080.84,992.86,193.54,0.0,283.33,9741.44
2025-02,TRK_M_004,83149,166.3,263158,526.32,50562,101.12,84.51,19.08,0.0,27.64,924.9700000000001
2025-02,TRK_M_005,46599,93.2,119294,238.59,19627,39.25,39.91,8.17,0.0,12.12,431.24000000000007
2025-02,TRK_M_006,39507,79.02,107462,214.92,19038,38.08,36.32,7.18,0.0,12.56,388.08
2025-02,TRK_M_007,88586,177.17,246912,493.82,39998,80.0,94.55,15.94,0.0,24.41,885.89
2025-02,TRK_M_008,104292,208.59,328501,657.0,58827,117.65,114.85,23.23,0.0,30.67,1151.99
2025-02,TRK_M_009,64425,128.85,157130,314.26,32620,65.24,56.49,13.52,0.0,19.89,598.25
2025-02,TRK_M_010,123552,247.1,337622,675.24,59522,119.05,123.37,26.19,0.0,40.2,1231.1500000000003
2025-02,TRK_M_011,96688,193.38,249002,498.0,48246,96.49,85.79,17.92,0.0,28.17,919.7499999999999
2025-02,TRK_M_012,69143,138.29,190464,380.93,37744,75.49,75.55,15.55,0.0,21.23,707.04
2025-02,TRK_M_013,50181,100.36,131856,263.71,27420,54.84,51.69,11.21,0.0,14.16,495.96999999999997
2025-02,TRK_M_014,51336,102.67,160832,321.67,26419,52.84,50.38,10.67,0.0,16.22,554.45
2025-02,TRK_M_015,93084,186.17,235557,471.11,46239,92.48,94.4,19.94,0.0,25.45,889.5500000000001
2025-02,TRK_M_016,70289,140.58,174914,349.83,31437,62.87,70.25,12.92,0.0,19.75,656.1999999999999
2025-02,TRK_M_017,13497,27.0,41780,83.56,7388,14.78,13.04,2.81,0.0,3.93,145.12
2025-02,TRK_M_018,66314,132.63,194258,388.52,34759,69.52,67.88,13.46,0.0,21.01,693.02
2025-02,TRK_M_019,98145,196.29,284568,569.14,51029,102.06,90.7,20.22,0.0,28.75,1007.1600000000001
2025-02,TRK_M_020,28219,56.44,74820,149.64,12788,25.58,26.93,5.57,0.0,8.41,272.57
2025-02,TRK_M_021,31847,63.69,91569,183.14,16084,32.17,31.86,6.89,0.0,9.46,327.21
2025-02,TRK_M_022,73696,147.39,207544,415.09,39156,78.31,68.21,14.05,0.0,23.45,746.5
2025-02,TRK_M_023,74137,148.27,208143,416.29,39445,78.89,73.94,17.53,0.0,25.05,759.97
2025-02,TRK_M_024,94116,188.23,233548,467.1,45833,91.67,95.39,17.78,0.0,28.69,888.86
2025-02,TRK_M_025,105608,211.22,295041,590.08,55661,111.32,128.11,21.27,0.0,35.04,1097.04
2025-02,TRK_M_026,108236,216.47,295142,590.29,56151,112.3,103.81,22.72,0.0,33.92,1079.51
2025-02,TRK_M_027,69991,139.98,189768,379.54,39838,79.68,81.3,16.55,0.0,20.92,717.9699999999999
2025-02,TRK_M_028,82049,164.1,256459,512.92,43047,86.1,97.4,19.79,0.0,26.48,906.79
2025-02,TRK_M_029,56566,113.13,140655,281.31,24353,48.71,56.36,10.62,0.0,16.37,526.5
2025-02,TRK_M_030,59408,118.82,143375,286.75,26848,53.7,59.57,10.27,0.0,15.32,544.4300000000001
2025-03,TRK_M_001,2165607,4331.22,5557702,11115.41,1012351,2024.7,2161.24,415.66,0.0,628.99,20677.22
2025-03,TRK_M_002,1829834,3659.67,4888737,9777.47,1038943,2077.89,1956.23,357.23,0.0,521.64,18350.129999999997
2025-03,TRK_M_003,915070,1830.14,3058132,6116.27,555168,1110.34,1016.55,187.03,0.0,312.19,10572.52
2025-03,TRK_M_004,96192,192.39,284827,569.65,53058,106.12,95.23,20.18,0.0,30.62,1014.1899999999999
2025-03,TRK_M_005,41913,83.83,98676,197.35,20261,40.52,36.51,7.86,0.0,12.46,378.53
2025-03,TRK_M_006,34258,68.52,85374,170.75,15414,30.83,34.25,6.43,0.0,10.45,321.22999999999996
2025-03,TRK_M_007,74682,149.37,213763,427.53,35560,71.12,83.29,14.27,0.0,23.02,768.5999999999999
2025-03,TRK_M_008,98187,196.38,249012,498.03,50538,101.08,100.5,19.39,0.0,27.55,942.93
2025-03,TRK_M_009,62914,125.83,188487,376.97,33539,67.08,69.09,11.63,0.0,17.47,668.07
2025-03,TRK_M_010,166514,333.03,413594,827.19,78207,156.42,165.26,31.0,0.0,50.38,1563.2800000000002
2025-03,TRK_M_011,93543,187.09,238393,476.79,46232,92.46,93.45,18.38,0.0,26.8,894.97
2025-03,TRK_M_012,74554,149.11,196983,393.97,35151,70.3,77.63,14.54,0.0,22.21,727.76
2025-03,TRK_M_013,53911,107.82,146111,292.22,30408,60.82,56.59,11.47,0.0,17.43,546.35
2025-03,TRK_M_014,47937,95.88,140272,280.55,23980,47.96,56.87,11.3,0.0,16.31,508.87
2025-03,TRK_M_015,98340,196.68,254724,509.45,50904,101.81,89.57,20.44,0.0,28.26,946.21
2025-03,TRK_M_016,60712,121.42,167131,334.26,32126,64.25,61.78,12.25,0.0,20.25,614.21
2025-03,TRK_M_017,15400,30.8,42970,85.94,8100,16.2,16.13,3.22,0.0,4.98,157.26999999999998
2025-03,TRK_M_018,48203,96.41,133418,266.84,25223,50.45,54.84,10.53,0.0,14.21,493.2799999999999
2025-03,TRK_M_019,120063,240.13,275590,551.18,51064,102.13,105.05,22.13,0.0,33.83,1054.4499999999998
2025-03,TRK_M_020,32818,65.64,86682,173.36,16414,32.83,28.31,6.27,0.0,8.86,315.27
2025-03,TRK_M_021,25126,50.25,66864,133.73,13071,26.14,28.87,5.48,0.0,7.35,251.82
2025-03,TRK_M_022,72990,145.98,184186,368.37,33077,66.15,71.73,12.09,0.0,20.97,685.2900000000001
2025-03,TRK_M_023,67627,135.26,209435,418.87,39217,78.43,70.1,14.07,0.0,20.7,737.4300000000001
2025-03,TRK_M_024,93719,187.44,256145,512.29,49135,98.27,93.86,18.02,0.0,29.95,939.83
2025-03,TRK_M_025,137664,275.33,331228,662.46,69899,139.8,117.58,24.67,0.0,39.04,1258.8799999999999
2025-03,TRK_M_026,115032,230.07,281966,563.93,53927,107.86,102.8,22.92,0.0,31.84,1059.4199999999998
2025-03,TRK_M_027,102475,204.95,241234,482.47,44358,88.72,89.09,19.68,0.0,26.84,911.7500000000001
2025-03,TRK_M_028,101357,202.71,303823,607.65,54323,108.65,106.1,21.07,0.0,28.93,1075.11
2025-03,TRK_M_029,42505,85.01,119424,238.85,21623,43.25,45.76,9.55,0.0,14.89,437.31
2025-03,TRK_M_030,65760,131.52,165390,330.78,32593,65.19,65.53,11.95,0.0,16.63,621.6
2025-04,TRK_M_001,1943197,3886.39,4762128,9524.26,929121,1858.24,1977.9,420.9,0.0,625.29,18292.980000000003
2025-04,TRK_M_002,1379809,2759.62,4401720,8803.44,765219,1530.44,1479.25,310.31,0.0,427.94,15311.000000000002
2025-04,TRK_M_003,1254101,2508.2,3623588,7247.18,644326,1288.65,1176.62,261.78,0.0,340.24,12822.670000000002
2025-04,TRK_M_004,85502,171.0,247492,494.98,42064,84.13,89.35,17.38,0.0,25.04,881.88
2025-04,TRK_M_005,51541,103.08,142656,285.31,23571,47.14,46.93,9.6,0.0,16.03,508.09000000000003
2025-04,TRK_M_006,36680,73.36,117054,234.11,19526,39.05,44.54,7.55,0.0,12.77,411.38000000000005
2025-04,TRK_M_007,95061,190.12,238969,477.94,44467,88.94,85.49,16.61,0.0,24.01,883.11
2025-04,TRK_M_008,93425,186.85,247563,495.13,45562,91.12,88.45,19.05,0.0,26.68,907.28
2025-04,TRK_M_009,61012,122.02,183276,366.55,34508,69.02,68.33,13.77,0.0,20.34,660.0300000000001
2025-04,TRK_M_010,135339,270.68,378935,757.87,70493,140.99,148.0,30.22,0.0,40.73,1388.49
2025-04,TRK_M_011,105594,211.19,315907,631.81,60840,121.68,116.01,22.38,0.0,33.29,1136.3600000000001
2025-04,TRK_M_012,72960,145.92,211365,422.73,36947,73.9,74.53,15.16,0.0,25.23,757.4699999999999
2025-04,TRK_M_013,66009,132.02,169266,338.53,30676,61.35,60.3,13.0,0.0,20.63,625.8299999999999
2025-04,TRK_M_014,58399,116.8,169278,338.56,27625,55.25,59.38,10.8,0.0,17.69,598.48
2025-04,TRK_M_015,97432,194.86,247855,495.71,49397,98.79,97.59,21.05,0.0,28.07,936.0699999999999
2025-04,TRK_M_016,68987,137.97,185281,370.56,29018,58.04,65.68,11.5,0.0,19.99,663.74
2025-04,TRK_M_017,15272,30.55,44249,88.5,7113,14.23,15.14,2.73,0.0,4.81,155.96
2025-04,TRK_M_018,60955,121.91,158337,316.68,29516,59.03,59.26,12.49,0.0,19.1,588.47
2025-04,TRK_M_019,87343,174.69,278540,557.08,45288,90.58,91.13,19.69,0.0,29.26,962.4300000000001
2025-04,TRK_M_020,30688,61.38,74584,149.17,14117,28.23,32.74,5.88,0.0,9.46,286.85999999999996
2025-04,TRK_M_021,32898,65.8,93177,186.35,14602,29.21,29.98,6.23,0.0,9.6,327.17
2025-04,TRK_M_022,91358,182.72,233035,466.07,40073,80.15,87.97,16.04,0.0,25.56,858.5099999999999
2025-04,TRK_M_023,84146,168.29,218690,437.38,42479,84.96,79.44,15.65,0.0,22.11,807.8299999999999
2025-04,TRK_M_024,90328,180.66,243141,486.28,46090,92.18,91.96,20.22,0.0,27.27,898.5699999999999
2025-04,TRK_M_025,121650,243.3,343397,686.8,56181,112.36,110.72,23.65,0.0,39.13,1215.96
2025-04,TRK_M_026,93712,187.43,252094,504.19,42711,85.42,94.22,18.31,0.0,29.39,918.9599999999999
2025-04,TRK_M_027,81419,162.84,261879,523.76,48712,97.43,94.35,18.78,0.0,27.91,925.0699999999999
2025-04,TRK_M_028,97393,194.79,258305,516.61,49759,99.52,107.18,18.38,0.0,29.33,965.81
2025-04,TRK_M_029,43214,86.43,122402,244.8,25708,51.42,51.97,9.59,0.0,12.98,457.19
2025-04,TRK_M_030,62119,124.24,152843,305.69,32058,64.12,55.44,12.4,0.0,18.01,579.9
2025-05,TRK_M_001,2162095,4324.19,6044221,12088.44,918474,1836.95,1994.67,447.24,0.0,632.38,21323.870000000003
2025-05,TRK_M_002,1893614,3787.23,4594581,9189.16,977067,1954.13,1825.92,378.33,0.0,519.13,17653.900000000005
2025-05,TRK_M_003,907753,1815.51,2731150,5462.3,428500,857.0,971.71,199.23,0.0,279.16,9584.91
2025-05,TRK_M_004,97421,194.84,275364,550.73,43310,86.62,86.73,19.15,0.0,30.34,968.4100000000001
2025-05,TRK_M_005,48342,96.69,134146,268.29,21343,42.69,41.61,9.42,0.0,13.89,472.59000000000003
2025-05,TRK_M_006,45168,90.34,112459,224.92,20368,40.74,43.54,7.74,0.0,13.04,420.32000000000005
2025-05,TRK_M_007,82190,164.38,254047,508.09,45805,91.61,77.84,17.16,0.0,25.9,884.98
2025-05,TRK_M_008,86109,172.22,279922,559.85,49494,98.99,102.32,17.28,0.0,28.64,979.3000000000001
2025-05,TRK_M_009,60511,121.02,152479,304.96,30896,61.79,54.24,12.46,0.0,17.21,571.6800000000001
2025-05,TRK_M_010,133015,266.03,318230,636.46,60346,120.69,111.96,24.05,0.0,37.24,1196.43
2025-05,TRK_M_011,102711,205.42,266978,533.96,47508,95.02,106.04,19.53,0.0,29.57,989.54
2025-05,TRK_M_012,67618,135.24,165744,331.49,29313,58.63,60.1,13.61,0.0,17.34,616.4100000000001
2025-05,TRK_M_013,52123,104.25,163102,326.2,27796,55.59,54.76,10.77,0.0,16.46,568.03
2025-05,TRK_M_014,48688,97.38,136565,273.13,27701,55.4,55.25,10.53,0.0,17.38,509.06999999999994
2025-05,TRK_M_015,99866,199.73,272199,544.4,43725,87.45,100.7,19.68,0.0,25.94,977.9000000000001
2025-05,TRK_M_016,66372,132.75,199545,399.09,34275,68.55,66.3,14.81,0.0,21.63,703.1299999999998
2025-05,TRK_M_017,15682,31.36,46024,92.05,8895,17.79,16.13,3.53,0.0,4.62,165.48
2025-05,TRK_M_018,67176,134.35,162524,325.05,34910,69.82,64.04,13.29,0.0,20.93,627.4799999999999
2025-05,TRK_M_019,96671,193.34,252403,504.81,53686,107.37,96.65,18.44,0.0,28.68,949.29
2025-05,TRK_M_020,33160,66.32,83889,167.78,15674,31.35,32.64,6.21,0.0,10.27,314.56999999999994
2025-05,TRK_M_021,29098,58.2,78429,156.86,13607,27.21,26.75,5.03,0.0,8.87,282.91999999999996
2025-05,TRK_M_022,87202,174.41,209500,419.0,38852,77.71,79.5,17.57,0.0,23.7,791.8900000000001
2025-05,TRK_M_023,90344,180.69,261674,523.35,41492,82.99,88.47,17.29,0.0,25.13,917.92
2025-05,TRK_M_024,102804,205.61,252599,505.2,49472,98.94,88.66,19.13,0.0,29.79,947.3299999999999
2025-05,TRK_M_025,121838,243.68,344459,688.92,61601,123.2,129.74,23.11,0.0,38.85,1247.4999999999998
2025-05,TRK_M_026,105324,210.65,269109,538.22,46625,93.25,97.6,18.6,0.0,29.71,988.0300000000001
2025-05,TRK_M_027,80208,160.42,208816,417.63,39038,78.08,77.07,14.52,0.0,22.1,769.82
2025-05,TRK_M_028,97902,195.8,295081,590.16,49459,98.92,111.55,22.38,0.0,31.76,1050.57
2025-05,TRK_M_029,54126,108.25,156243,312.49,25523,51.05,52.32,9.63,0.0,14.62,548.36
2025-05,TRK_M_030,69067,138.14,157633,315.27,32849,65.7,61.3,13.06,0.0,17.6,611.0699999999999
2025-06,TRK_M_001,1798256,3596.51,5551543,11103.09,992974,1985.95,1858.22,389.74,0.0,571.9,19505.410000000003
2025-06,TRK_M_002,1913549,3827.1,5926817,11853.63,935262,1870.53,1862.33,428.0,0.0,642.89,20484.479999999996
2025-06,TRK_M_003,989306,1978.61,2415033,4830.07,449810,899.62,984.8,192.47,0.0,297.81,9183.379999999997
2025-06,TRK_M_004,80780,161.56,253297,506.6,45963,91.93,84.74,15.6,0.0,23.26,883.6900000000002
2025-06,TRK_M_005,47351,94.7,120491,240.98,24555,49.11,44.9,8.61,0.0,12.68,450.98
2025-06,TRK_M_006,42302,84.6,123354,246.71,21917,43.84,42.89,7.57,0.0,12.29,437.9
2025-06,TRK_M_007,79393,158.79,204591,409.18,37374,74.75,82.97,15.52,0.0,22.25,763.46
2025-06,TRK_M_008,89893,179.79,249434,498.87,42479,84.96,93.2,19.54,0.0,27.23,903.59
2025-06,TRK_M_009,54023,108.05,162997,326.0,24673,49.35,51.91,10.42,0.0,15.86,561.59
2025-06,TRK_M_010,116957,233.92,316949,633.9,63855,127.71,134.72,27.58,0.0,36.8,1194.6299999999999
2025-06,TRK_M_011,84844,169.69,227252,454.5,47767,95.53,96.49,19.06,0.0,27.0,862.27
2025-06,TRK_M_012,66061,132.12,192748,385.5,30053,60.11,66.08,13.59,0.0,19.59,676.9900000000001
2025-06,TRK_M_013,63790,127.58,163775,327.55,30753,61.51,57.4,11.59,0.0,17.8,603.43
2025-06,TRK_M_014,53001,106.0,158639,317.28,29364,58.73,60.9,10.6,0.0,18.48,571.99
2025-06,TRK_M_015,105037,210.07,299257,598.51,56133,112.27,112.95,22.23,0.0,29.14,1085.17
2025-06,TRK_M_016,59910,119.82,162865,325.73,30320,60.64,59.93,12.33,0.0,19.16,597.61
2025-06,TRK_M_017,13821,27.64,33643,67.29,6989,13.98,12.96,2.9,0.0,4.2,128.97
2025-06,TRK_M_018,67274,134.55,168469,336.94,33299,66.6,63.62,13.67,0.0,17.94,633.32
2025-06,TRK_M_019,98587,197.17,253195,506.39,44577,89.15,89.9,17.81,0.0,27.92,928.3399999999998
2025-06,TRK_M_020,29286,58.57,69442,138.89,12307,24.62,25.74,5.67,0.0,8.54,262.03
2025-06,TRK_M_021,30283,60.57,81239,162.48,16370,32.74,29.75,5.89,0.0,10.23,301.65999999999997
2025-06,TRK_M_022,82332,164.67,249871,499.74,42548,85.1,84.24,16.96,0.0,25.16,875.87
2025-06,TRK_M_023,75388,150.78,190003,380.01,37692,75.38,65.24,14.75,0.0,19.46,705.62
2025-06,TRK_M_024,98882,197.76,269240,538.48,47664,95.33,105.98,19.71,0.0,28.71,985.9700000000001
2025-06,TRK_M_025,116760,233.52,333382,666.76,66981,133.96,112.87,23.48,0.0,39.76,1210.3500000000001
2025-06,TRK_M_026,108549,217.1,281350,562.7,53031,106.06,118.74,20.69,0.0,34.79,1060.0800000000002
2025-06,TRK_M_027,95411,190.82,241285,482.57,43632,87.26,93.07,17.39,0.0,26.47,897.58
2025-06,TRK_M_028,127331,254.66,347715,695.43,60838,121.68,113.4,22.2,0.0,37.38,1244.7500000000002
2025-06,TRK_M_029,58250,116.5,141578,283.16,30957,61.92,62.62,11.06,0.0,15.65,550.91
2025-06,TRK_M_030,64709,129.42,158383,316.77,28412,56.82,58.23,12.19,0.0,17.93,591.3599999999999
2025-07,TRK_M_001,2105522,4211.05,6387616,12775.23,1204599,2409.2,2272.42,451.51,0.0,662.24,22781.65
2025-07,TRK_M_002,1868667,3737.33,6012284,12024.57,1078814,2157.63,2165.21,373.97,0.0,622.66,21081.37
2025-07,TRK_M_003,1105609,2211.22,2805587,5611.17,544756,1089.51,1032.83,224.15,0.0,333.75,10502.63
2025-07,TRK_M_004,91036,182.07,237333,474.67,45155,90.31,97.7,17.4,0.0,29.87,892.02
2025-07,TRK_M_005,45587,91.18,110895,221.79,20059,40.12,46.16,8.25,0.0,14.15,421.65
2025-07,TRK_M_006,39164,78.33,126342,252.69,21168,42.34,45.85,9.08,0.0,13.95,442.24
2025-07,TRK_M_007,85644,171.29,205616,411.23,39206,78.41,82.22,16.04,0.0,21.69,780.88
2025-07,TRK_M_008,92359,184.72,248129,496.26,43728,87.46,98.57,17.26,0.0,26.52,910.79
2025-07,TRK_M_009,60537,121.08,169469,338.94,31597,63.19,56.28,13.03,0.0,16.78,609.3
2025-07,TRK_M_010,143386,286.77,338189,676.38,66339,132.68,119.63,26.31,0.0,42.91,1284.68
2025-07,TRK_M_011,84633,169.27,246414,492.83,46945,93.89,81.45,17.64,0.0,24.05,879.13
2025-07,TRK_M_012,68686,137.37,226017,452.03,35311,70.62,78.87,14.8,0.0,20.92,774.6099999999999
2025-07,TRK_M_013,56605,113.21,134082,268.17,28472,56.94,56.78,10.89,0.0,16.23,522.22
2025-07,TRK_M_014,53189,106.38,138710,277.42,27077,54.15,53.22,9.95,0.0,15.69,516.81
2025-07,TRK_M_015,104349,208.7,307173,614.35,50524,101.05,95.8,19.07,0.0,33.41,1072.3799999999999
2025-07,TRK_M_016,72998,146.0,204889,409.78,33078,66.16,68.62,14.51,0.0,20.23,725.3
2025-07,TRK_M_017,13842,27.69,39901,79.8,7401,14.8,15.28,2.67,0.0,4.66,144.89999999999998
2025-07,TRK_M_018,55587,111.18,175529,351.06,31563,63.13,56.4,12.42,0.0,18.63,612.8199999999999
2025-07,TRK_M_019,106835,213.67,260523,521.05,46201,92.4,102.12,19.5,0.0,27.27,976.0099999999999
2025-07,TRK_M_020,30478,60.96,83391,166.78,12987,25.98,29.91,5.67,0.0,7.76,297.06
2025-07,TRK_M_021,28788,57.58,78194,156.39,17058,34.12,28.33,6.17,0.0,9.74,292.33
2025-07,TRK_M_022,71468,142.94,179729,359.46,33151,66.3,73.17,14.55,0.0,21.36,677.7799999999999
2025-07,TRK_M_023,72411,144.82,201421,402.84,38074,76.15,71.76,15.79,0.0,23.51,734.8699999999999
2025-07,TRK_M_024,75353,150.71,222390,444.78,37134,74.27,80.96,15.24,0.0,25.44,791.4000000000001
2025-07,TRK_M_025,140071,280.14,362841,725.68,72682,145.36,131.14,28.52,0.0,37.42,1348.2599999999998
2025-07,TRK_M_026,121502,243.01,337489,674.98,61721,123.44,110.82,24.18,0.0,37.21,1213.64
2025-07,TRK_M_027,97015,194.03,251292,502.59,49952,99.91,98.36,18.08,0.0,30.46,943.4300000000001
2025-07,TRK_M_028,98395,196.79,304183,608.37,57460,114.92,105.41,21.28,0.0,30.11,1076.8799999999999
2025-07,TRK_M_029,49063,98.13,153858,307.72,27598,55.2,48.05,11.57,0.0,16.22,536.8900000000001
2025-07,TRK_M_030,56546,113.09,167291,334.58,31700,63.4,59.36,11.26,0.0,17.58,599.27
2025-08,TRK_M_001,2105133,4210.27,5885393,11770.79,1095080,2190.16,2356.39,423.84,0.0,763.26,21714.71
2025-08,TRK_M_002,2054878,4109.76,5799458,11598.92,898195,1796.39,2026.78,375.3,0.0,571.6,20478.749999999996
2025-08,TRK_M_003,1090013,2180.03,2976758,5953.52,600353,1200.71,1092.94,229.15,0.0,338.96,10995.310000000001
2025-08,TRK_M_004,94612,189.22,245454,490.91,47597,95.19,82.34,17.01,0.0,28.47,903.14
2025-08,TRK_M_005,38675,77.35,112999,226.0,21120,42.24,42.47,8.69,0.0,10.95,407.70000000000005
2025-08,TRK_M_006,34782,69.56,100547,201.1,15363,30.73,30.68,7.28,0.0,9.19,348.53999999999996
2025-08,TRK_M_007,78203,156.41,218903,437.81,44300,88.6,85.03,16.62,0.0,24.77,809.24
2025-08,TRK_M_008,101049,202.1,261847,523.69,45044,90.09,97.76,18.4,0.0,27.5,959.5400000000001
2025-08,TRK_M_009,69221,138.44,170894,341.79,37368,74.74,67.85,12.95,0.0,19.67,655.44
2025-08,TRK_M_010,128181,256.36,398416,796.83,73131,146.26,152.16,26.85,0.0,42.62,1421.08
2025-08,TRK_M_011,86282,172.57,260553,521.11,47337,94.68,86.62,18.59,0.0,25.14,918.7100000000002
2025-08,TRK_M_012,76391,152.78,195734,391.47,39615,79.23,76.37,15.97,0.0,22.31,738.13
2025-08,TRK_M_013,58097,116.19,188708,377.42,30972,61.94,60.64,12.01,0.0,18.96,647.16
2025-08,TRK_M_014,50985,101.97,140741,281.48,26155,52.31,53.58,9.75,0.0,17.05,516.14
2025-08,TRK_M_015,129250,258.5,309772,619.54,55162,110.32,116.52,24.88,0.0,35.51,1165.27
2025-08,TRK_M_016,58909,117.82,193801,387.6,29878,59.76,59.47,13.19,0.0,19.9,657.7400000000001
2025-08,TRK_M_017,14886,29.77,39048,78.1,7149,14.3,15.35,2.9,0.0,4.35,144.76999999999998
2025-08,TRK_M_018,59442,118.88,164983,329.97,29200,58.4,55.26,10.58,0.0,16.55,589.64
2025-08,TRK_M_019,123374,246.75,309330,618.66,58709,117.42,112.03,22.62,0.0,36.32,1153.7999999999997
2025-08,TRK_M_020,34560,69.12,94596,189.19,17496,34.99,35.99,7.19,0.0,10.85,347.33000000000004
2025-08,TRK_M_021,30000,60.0,71129,142.26,13428,26.86,29.75,5.08,0.0,8.79,272.74
2025-08,TRK_M_022,86717,173.43,209322,418.65,40704,81.41,83.19,16.38,0.0,25.58,798.6399999999999
2025-08,TRK_M_023,67800,135.6,217456,434.91,34249,68.5,77.91,15.36,0.0,21.74,754.02
2025-08,TRK_M_024,72476,144.95,214271,428.54,41276,82.55,87.13,14.47,0.0,22.24,779.88
2025-08,TRK_M_025,105995,211.99,269485,538.97,51897,103.79,108.22,20.15,0.0,29.41,1012.53
2025-08,TRK_M_026,119817,239.63,317984,635.97,55677,111.35,107.09,23.86,0.0,36.12,1154.0199999999998
2025-08,TRK_M_027,98838,197.68,245233,490.47,44062,88.12,99.06,17.67,0.0,26.91,919.9100000000001
2025-08,TRK_M_028,101647,203.29,306472,612.94,52787,105.57,115.04,23.12,0.0,33.37,1093.3299999999997
2025-08,TRK_M_029,60777,121.55,138922,277.84,30510,61.02,56.1,10.4,0.0,17.23,544.14
2025-08,TRK_M_030,60595,121.19,181533,363.07,27820,55.64,60.83,11.71,0.0,19.46,631.9000000000001
2025-09,TRK_M_001,2183045,4366.09,6026422,12052.85,1103071,2206.14,2355.74,438.99,0.0,619.43,22039.24
2025-09,TRK_M_002,2089884,4179.77,5314868,10629.74,999620,1999.24,1876.04,407.68,0.0,549.25,19641.72
2025-09,TRK_M_003,1019239,2038.48,2924731,5849.46,539851,1079.7,1093.92,232.59,0.0,332.49,10626.640000000001
2025-09,TRK_M_004,84465,168.93,231240,462.48,47252,94.51,92.91,17.66,0.0,28.37,864.86
2025-09,TRK_M_005,47206,94.41,127194,254.39,21856,43.71,42.75,9.32,0.0,14.75,459.3299999999999
2025-09,TRK_M_006,33737,67.47,106316,212.63,19205,38.41,40.07,6.99,0.0,12.08,377.65
2025-09,TRK_M_007,85863,171.73,205513,411.03,37874,75.75,74.94,17.28,0.0,22.22,772.95
2025-09,TRK_M_008,110016,220.03,312640,625.28,52214,104.43,109.1,21.47,0.0,36.48,1116.79
2025-09,TRK_M_009,58465,116.93,169821,339.64,28986,57.97,54.93,11.36,0.0,17.98,598.81
2025-09,TRK_M_010,141714,283.43,340769,681.54,71754,143.51,127.91,28.69,0.0,42.5,1307.5800000000002
2025-09,TRK_M_011,107501,215.0,277419,554.84,47216,94.43,95.29,19.76,0.0,32.07,1011.39
2025-09,TRK_M_012,81150,162.3,183620,367.24,36763,73.53,71.99,13.85,0.0,20.99,709.9
2025-09,TRK_M_013,65101,130.2,172609,345.22,32136,64.27,68.49,12.87,0.0,19.77,640.82
2025-09,TRK_M_014,55692,111.38,162079,324.16,25612,51.22,59.76,9.93,0.0,16.68,573.1299999999999
2025-09,TRK_M_015,108362,216.72,337416,674.83,51625,103.25,114.68,24.39,0.0,33.8,1167.67
2025-09,TRK_M_016,65224,130.45,184244,368.49,31023,62.05,69.21,12.5,0.0,19.28,661.98
2025-09,TRK_M_017,12063,24.13,34046,68.09,6793,13.59,12.03,2.63,0.0,4.04,124.51
2025-09,TRK_M_018,62397,124.8,149260,298.52,29887,59.78,57.32,12.71,0.0,18.28,571.4100000000001
2025-09,TRK_M_019,100319,200.64,287723,575.45,47393,94.79,102.88,18.52,0.0,26.44,1018.72
2025-09,TRK_M_020,35065,70.13,94803,189.61,15961,31.92,31.97,6.69,0.0,11.41,341.73
2025-09,TRK_M_021,34193,68.39,92885,185.77,17444,34.89,31.21,6.79,0.0,10.14,337.19
2025-09,TRK_M_022,76536,153.07,243672,487.35,41886,83.77,80.32,18.27,0.0,23.0,845.78
2025-09,TRK_M_023,64193,128.39,206046,412.09,36213,72.43,68.63,13.43,0.0,19.91,714.88
2025-09,TRK_M_024,98457,196.92,276367,552.73,46601,93.2,100.12,20.35,0.0,25.92,989.24
2025-09,TRK_M_025,127520,255.04,367755,735.51,60520,121.04,129.6,26.61,0.0,36.57,1304.3699999999997
2025-09,TRK_M_026,113233,226.47,323060,646.12,54167,108.33,97.87,19.95,0.0,34.79,1133.53
2025-09,TRK_M_027,91477,182.96,243139,486.28,45061,90.12,94.38,20.06,0.0,30.12,903.92
2025-09,TRK_M_028,95310,190.62,282264,564.53,54147,108.29,102.75,20.29,0.0,31.5,1017.9799999999999
2025-09,TRK_M_029,54031,108.06,134685,269.37,26571,53.14,55.4,9.67,0.0,14.7,510.34
2025-09,TRK_M_030,51259,102.52,137755,275.51,24945,49.89,52.64,9.87,0.0,14.12,504.54999999999995
2025-10,TRK_M_001,1880995,3761.99,5341899,10683.8,851448,1702.9,1757.26,354.27,0.0,496.94,18757.159999999996
2025-10,TRK_M_002,1755608,3511.22,4778396,9556.79,924416,1848.83,1762.23,387.12,0.0,534.81,17601.0
2025-10,TRK_M_003,1042586,2085.17,2980434,5960.87,581770,1163.54,1049.11,202.18,0.0,305.46,10766.33
2025-10,TRK_M_004,94256,188.51,270461,540.92,43454,86.91,101.14,20.34,0.0,27.03,964.8499999999999
2025-10,TRK_M_005,38767,77.53,116117,232.23,20036,40.07,42.99,7.36,0.0,11.7,411.88
2025-10,TRK_M_006,34855,69.71,92833,185.67,17538,35.08,36.57,6.72,0.0,10.47,344.22
2025-10,TRK_M_007,90191,180.38,249616,499.23,44095,88.19,92.96,17.72,0.0,23.59,902.07
2025-10,TRK_M_008,115646,231.29,289908,579.82,50840,101.68,108.53,22.82,0.0,33.68,1077.82
2025-10,TRK_M_009,52990,105.98,145914,291.83,27651,55.3,56.5,10.03,0.0,14.75,534.39
2025-10,TRK_M_010,139508,279.02,390437,780.88,60876,121.75,119.99,28.67,0.0,42.29,1372.6000000000001
2025-10,TRK_M_011,106527,213.06,275931,551.86,53051,106.1,94.26,19.93,0.0,30.12,1015.33
2025-10,TRK_M_012,85349,170.7,206688,413.38,42340,84.68,83.77,15.64,0.0,22.35,790.52
2025-10,TRK_M_013,59969,119.94,156740,313.48,30267,60.53,60.89,11.8,0.0,18.71,585.35
2025-10,TRK_M_014,43961,87.92,114803,229.61,22347,44.7,41.76,9.55,0.0,14.17,427.71000000000004
2025-10,TRK_M_015,99969,199.94,256282,512.57,49949,99.9,91.73,20.78,0.0,30.24,955.16
2025-10,TRK_M_016,54845,109.69,146594,293.19,27416,54.83,57.17,12.71,0.0,16.65,544.24
2025-10,TRK_M_017,11716,23.43,36762,73.52,5969,11.94,12.53,2.46,0.0,4.0,127.87999999999998
2025-10,TRK_M_018,55477,110.96,150359,300.72,28183,56.37,57.95,10.48,0.0,15.39,551.87
2025-10,TRK_M_019,84683,169.37,231003,462.01,47768,95.54,94.32,16.59,0.0,28.61,866.44
2025-10,TRK_M_020,27818,55.64,87121,174.24,15850,31.7,29.99,5.47,0.0,8.02,305.06
2025-10,TRK_M_021,31388,62.78,96404,192.81,17554,35.11,33.88,6.15,0.0,10.59,341.31999999999994
2025-10,TRK_M_022,83879,167.76,246205,492.41,41584,83.17,84.62,16.88,0.0,25.14,869.98
2025-10,TRK_M_023,80533,161.07,212112,424.23,38154,76.31,77.1,15.2,0.0,20.64,774.55
2025-10,TRK_M_024,104908,209.82,259855,519.71,52290,104.58,93.17,20.87,0.0,26.93,975.0799999999999
2025-10,TRK_M_025,100568,201.14,252023,504.05,49498,99.0,97.25,18.63,0.0,28.01,948.08
2025-10,TRK_M_026,98306,196.61,246206,492.41,46970,93.94,99.01,16.8,0.0,29.05,927.8199999999999
2025-10,TRK_M_027,77383,154.77,220746,441.49,34688,69.38,80.68,15.78,0.0,24.66,786.7599999999999
2025-10,TRK_M_028,104916,209.83,299090,598.18,45798,91.6,93.84,21.64,0.0,28.89,1043.98
2025-10,TRK_M_029,54309,108.62,139661,279.32,26530,53.06,53.33,11.0,0.0,15.38,520.71
2025-10,TRK_M_030,53309,106.62,124333,248.67,24976,49.95,48.08,9.78,0.0,16.24,479.3399999999999
2025-11,TRK_M_001,2359329,4718.66,5824407,11648.82,1056474,2112.95,2146.38,471.81,0.0,642.0,21740.620000000003
2025-11,TRK_M_002,1458578,2917.16,4537076,9074.15,802446,1604.89,1751.53,314.23,0.0,506.21,16168.169999999998
2025-11,TRK_M_003,1013915,2027.83,3050749,6101.5,513256,1026.51,973.55,220.95,0.0,320.8,10671.14
2025-11,TRK_M_004,90690,181.38,231637,463.27,49312,98.62,96.79,17.17,0.0,28.79,886.0199999999999
2025-11,TRK_M_005,45776,91.55,121330,242.66,19410,38.82,45.34,8.47,0.0,13.54,440.38000000000005
2025-11,TRK_M_006,43021,86.04,114747,229.5,20653,41.31,39.4,8.67,0.0,12.32,417.24
2025-11,TRK_M_007,78761,157.52,236731,473.46,41696,83.39,88.43,16.55,0.0,23.49,842.8399999999999
2025-11,TRK_M_008,87167,174.34,246057,492.12,43940,87.88,100.38,19.07,0.0,29.75,903.5400000000001
2025-11,TRK_M_009,56934,113.87,155427,310.86,27815,55.63,50.91,10.83,0.0,15.63,557.73
2025-11,TRK_M_010,109502,219.01,282536,565.07,59216,118.43,119.82,23.47,0.0,36.21,1082.01
2025-11,TRK_M_011,76990,153.98,203764,407.53,42019,84.04,85.72,16.38,0.0,23.03,770.68
2025-11,TRK_M_012,65713,131.43,172744,345.49,35651,71.3,67.14,12.09,0.0,18.49,645.94
2025-11,TRK_M_013,50957,101.92,125254,250.51,22488,44.98,53.53,9.57,0.0,15.57,476.08000000000004
2025-11,TRK_M_014,48866,97.73,130722,261.44,22443,44.89,51.88,10.01,0.0,15.9,481.84999999999997
2025-11,TRK_M_015,91054,182.11,222450,444.9,46363,92.73,82.75,16.15,0.0,24.16,842.8
2025-11,TRK_M_016,71099,142.2,199570,399.14,36232,72.47,71.62,12.96,0.0,19.49,717.88
2025-11,TRK_M_017,13284,26.57,33230,66.46,6036,12.07,12.85,2.4,0.0,3.67,124.02
2025-11,TRK_M_018,54658,109.32,170380,340.76,31650,63.3,55.91,11.75,0.0,18.51,599.55
2025-11,TRK_M_019,99406,198.81,290789,581.58,47717,95.44,98.0,18.84,0.0,29.92,1022.5900000000001
2025-11,TRK_M_020,29285,58.57,74179,148.36,13001,26.0,24.66,4.9,0.0,8.32,270.81
2025-11,TRK_M_021,32774,65.55,86194,172.39,16499,33.0,31.63,5.87,0.0,9.06,317.5
2025-11,TRK_M_022,75404,150.81,195873,391.75,33524,67.05,71.48,14.29,0.0,20.75,716.1299999999999
2025-11,TRK_M_023,70222,140.45,209091,418.18,34419,68.84,77.85,13.92,0.0,23.93,743.17
2025-11,TRK_M_024,78560,157.12,252489,504.98,42148,84.3,76.43,15.63,0.0,25.11,863.5699999999999
2025-11,TRK_M_025,134735,269.47,376216,752.43,62412,124.82,136.91,24.12,0.0,37.93,1345.68
2025-11,TRK_M_026,97485,194.97,244307,488.62,41925,83.85,83.73,16.78,0.0,26.18,894.13
2025-11,TRK_M_027,78331,156.66,223858,447.72,39784,79.57,79.1,17.02,0.0,22.98,803.0500000000001
2025-11,TRK_M_028,93246,186.49,295246,590.49,53765,107.53,96.75,19.29,0.0,29.24,1029.79
2025-11,TRK_M_029,48275,96.55,127622,255.25,26720,53.44,47.76,9.38,0.0,15.3,477.68
2025-11,TRK_M_030,42152,84.3,131379,262.76,22207,44.42,41.58,8.73,0.0,13.91,455.70000000000005
2025-12,TRK_M_001,1819852,3639.71,4661287,9322.58,909321,1818.64,1780.73,317.35,0.0,545.59,17424.6
2025-12,TRK_M_002,1326129,2652.26,4159329,8318.66,770567,1541.13,1328.43,265.86,0.0,395.53,14501.87
2025-12,TRK_M_003,1042603,2085.21,2875480,5750.96,536886,1073.77,943.63,217.28,0.0,328.22,10399.07
2025-12,TRK_M_004,96735,193.47,238821,477.64,43150,86.3,89.34,18.93,0.0,30.44,896.12
2025-12,TRK_M_005,42923,85.85,134257,268.52,24393,48.79,42.93,9.37,0.0,12.35,467.81000000000006
2025-12,TRK_M_006,37429,74.86,101222,202.44,18408,36.82,40.58,7.58,0.0,10.05,372.33
2025-12,TRK_M_007,72886,145.77,198287,396.58,40309,80.62,84.09,15.84,0.0,23.8,746.7
2025-12,TRK_M_008,92150,184.3,267134,534.27,53422,106.85,96.65,19.63,0.0,30.93,972.6299999999999
2025-12,TRK_M_009,60911,121.82,168016,336.03,33648,67.3,72.56,12.35,0.0,19.48,629.5400000000001
2025-12,TRK_M_010,127625,255.25,354725,709.45,59011,118.02,119.66,23.7,0.0,38.6,1264.68
2025-12,TRK_M_011,77545,155.09,209349,418.7,45202,90.41,79.42,15.69,0.0,23.55,782.8599999999999
2025-12,TRK_M_012,64057,128.12,191066,382.13,35121,70.24,72.87,13.63,0.0,18.75,685.74
2025-12,TRK_M_013,46670,93.34,138516,277.03,23475,46.95,56.57,10.54,0.0,15.78,500.21
2025-12,TRK_M_014,42182,84.36,135259,270.52,21557,43.12,47.23,8.48,0.0,13.2,466.91
2025-12,TRK_M_015,111329,222.66,274869,549.74,52244,104.49,109.88,20.35,0.0,28.07,1035.19
2025-12,TRK_M_016,64782,129.57,161182,322.36,32290,64.58,63.35,11.7,0.0,18.76,610.32
2025-12,TRK_M_017,14620,29.24,35617,71.23,6746,13.49,15.38,3.02,0.0,4.09,136.45000000000002
2025-12,TRK_M_018,60999,122.0,144464,288.93,25835,51.67,57.97,11.47,0.0,15.89,547.9300000000001
2025-12,TRK_M_019,111440,222.88,270341,540.68,51030,102.06,102.78,19.57,0.0,29.41,1017.3799999999999
2025-12,TRK_M_020,30829,61.66,88813,177.63,16586,33.17,33.41,5.61,0.0,10.14,321.62
2025-12,TRK_M_021,32808,65.62,81716,163.43,15905,31.81,30.43,6.23,0.0,9.38,306.90000000000003
2025-12,TRK_M_022,76108,152.22,204709,409.42,35970,71.94,77.35,14.61,0.0,23.55,749.0899999999999
2025-12,TRK_M_023,68002,136.0,176476,352.95,36765,73.53,65.04,14.7,0.0,19.03,661.25
2025-12,TRK_M_024,87546,175.09,255794,511.59,46040,92.08,79.57,16.63,0.0,24.6,899.56
2025-12,TRK_M_025,127227,254.45,319214,638.43,65159,130.32,124.37,22.97,0.0,35.49,1206.0299999999997
2025-12,TRK_M_026,82160,164.32,204397,408.8,38033,76.07,84.44,16.8,0.0,23.63,774.0600000000001
2025-12,TRK_M_027,76427,152.85,220641,441.28,38428,76.86,71.28,16.68,0.0,21.51,780.4599999999999
2025-12,TRK_M_028,97899,195.8,252309,504.62,47638,95.28,93.0,18.44,0.0,28.26,935.4000000000001
2025-12,TRK_M_029,44293,88.59,118772,237.54,21669,43.34,42.11,8.42,0.0,12.14,432.14000000000004
2025-12,TRK_M_030,54592,109.18,151078,302.16,26095,52.19,51.57,10.89,0.0,15.64,541.63
2026-01,TRK_M_001,1753804,3507.61,4942071,9884.14,989817,1979.64,1974.1,413.82,0.0,596.64,18355.949999999997
2026-01,TRK_M_002,1776189,3552.38,4855858,9711.72,806350,1612.7,1635.29,351.53,0.0,561.92,17425.539999999997
2026-01,TRK_M_003,930833,1861.67,2459226,4918.45,476951,953.9,923.2,184.0,0.0,284.06,9125.279999999999
2026-01,TRK_M_004,89594,179.19,231689,463.38,44207,88.42,84.63,17.11,0.0,26.82,859.55
2026-01,TRK_M_005,47648,95.3,111023,222.05,20301,40.6,42.81,8.13,0.0,14.41,423.30000000000007
2026-01,TRK_M_006,37114,74.23,91648,183.3,16315,32.63,31.74,6.78,0.0,9.67,338.35
2026-01,TRK_M_007,78825,157.65,205881,411.76,34250,68.5,80.18,15.91,0.0,23.9,757.8999999999999
2026-01,TRK_M_008,111053,222.11,294657,589.31,52889,105.78,103.13,18.74,0.0,29.75,1068.82
2026-01,TRK_M_009,57783,115.57,164990,329.98,27608,55.22,55.43,11.82,0.0,17.27,585.29
2026-01,TRK_M_010,114636,229.27,326157,652.31,56456,112.91,113.92,21.29,0.0,31.92,1161.62
2026-01,TRK_M_011,79412,158.82,213413,426.83,40211,80.42,84.68,17.37,0.0,25.14,793.26
2026-01,TRK_M_012,63186,126.37,185283,370.57,30488,60.98,70.81,14.26,0.0,18.6,661.59
2026-01,TRK_M_013,56947,113.89,143655,287.31,26940,53.88,55.95,11.4,0.0,17.48,539.91
2026-01,TRK_M_014,54900,109.8,133046,266.09,26696,53.39,48.34,10.28,0.0,16.47,504.37
2026-01,TRK_M_015,100429,200.86,279536,559.07,50613,101.23,102.34,18.18,0.0,28.77,1010.45
2026-01,TRK_M_016,58940,117.88,139515,279.03,26876,53.75,54.19,9.98,0.0,17.27,532.0999999999999
2026-01,TRK_M_017,12962,25.93,41661,83.32,6321,12.64,14.19,2.67,0.0,3.96,142.71
2026-01,TRK_M_018,43750,87.5,140982,281.96,26297,52.59,51.06,9.11,0.0,13.78,495.99999999999994
2026-01,TRK_M_019,97579,195.16,275453,550.91,44787,89.58,92.26,19.95,0.0,28.3,976.16
2026-01,TRK_M_020,30169,60.34,84769,169.54,14707,29.42,27.35,5.64,0.0,8.12,300.41
2026-01,TRK_M_021,31615,63.23,82748,165.5,13882,27.76,29.62,6.26,0.0,9.51,301.88
2026-01,TRK_M_022,80352,160.71,196572,393.14,36075,72.15,79.08,14.36,0.0,22.7,742.1400000000001
2026-01,TRK_M_023,63403,126.81,174583,349.17,35389,70.78,62.82,14.27,0.0,20.17,644.02
2026-01,TRK_M_024,79555,159.11,256725,513.45,45041,90.08,89.02,18.54,0.0,26.6,896.8000000000001
2026-01,TRK_M_025,101737,203.48,296491,592.98,54931,109.86,99.74,19.75,0.0,27.2,1053.01
2026-01,TRK_M_026,73367,146.73,235440,470.88,38613,77.23,85.96,16.7,0.0,22.3,819.8000000000001
2026-01,TRK_M_027,93873,187.75,218834,437.67,44203,88.41,80.88,16.41,0.0,24.79,835.91
2026-01,TRK_M_028,93453,186.91,284242,568.48,47323,94.65,103.58,20.85,0.0,32.88,1007.35
2026-01,TRK_M_029,47675,95.35,140061,280.12,22596,45.19,48.91,8.77,0.0,13.87,492.21000000000004
2026-01,TRK_M_030,47361,94.72,125766,251.53,21216,42.43,48.21,9.12,0.0,12.29,458.3
2026-02,TRK_M_001,2019565,4039.13,4953662,9907.32,860758,1721.52,1776.29,392.2,0.0,539.58,18376.040000000005
2026-02,TRK_M_002,1546114,3092.23,4156986,8313.97,737259,1474.52,1757.98,326.56,0.0,481.05,15446.309999999998
2026-02,TRK_M_003,766266,1532.53,2242277,4484.55,395350,790.7,830.17,154.0,0.0,242.87,8034.82
2026-02,TRK_M_004,68601,137.2,201113,402.23,37332,74.66,79.63,15.39,0.0,22.44,731.5500000000001
2026-02,TRK_M_005,34049,68.1,92229,184.46,15698,31.4,36.08,6.54,0.0,10.65,337.22999999999996
2026-02,TRK_M_006,33406,66.81,99330,198.66,15995,31.99,30.72,7.05,0.0,10.9,346.13000000000005
2026-02,TRK_M_007,71368,142.74,175877,351.75,31978,63.96,67.84,13.09,0.0,20.35,659.7300000000001
2026-02,TRK_M_008,90597,181.2,295644,591.29,46953,93.91,100.24,19.9,0.0,31.32,1017.86
2026-02,TRK_M_009,49119,98.24,125660,251.32,24110,48.22,45.63,9.88,0.0,13.22,466.51
2026-02,TRK_M_010,118365,236.73,365375,730.75,69001,138.0,126.33,23.56,0.0,34.71,1290.08
2026-02,TRK_M_011,83122,166.24,227587,455.17,41811,83.62,96.11,19.69,0.0,26.08,846.9100000000002
2026-02,TRK_M_012,59843,119.69,150485,300.97,29656,59.31,58.23,11.53,0.0,16.44,566.1700000000001
2026-02,TRK_M_013,50559,101.12,136612,273.23,28847,57.7,54.04,11.24,0.0,16.21,513.5400000000001
2026-02,TRK_M_014,52697,105.39,135153,270.31,24263,48.53,47.3,9.85,0.0,14.56,495.94000000000005
2026-02,TRK_M_015,94696,189.39,240450,480.9,51452,102.9,92.2,18.72,0.0,26.19,910.3000000000001
2026-02,TRK_M_016,58203,116.41,160163,320.33,25712,51.43,50.63,11.34,0.0,16.16,566.3000000000001
2026-02,TRK_M_017,10392,20.78,32069,64.14,5373,10.75,11.36,2.14,0.0,3.33,112.5
2026-02,TRK_M_018,56826,113.65,140851,281.7,28210,56.42,60.63,10.9,0.0,18.35,541.6500000000001
2026-02,TRK_M_019,86839,173.68,224144,448.29,46149,92.3,78.79,17.95,0.0,25.59,836.6
2026-02,TRK_M_020,31933,63.87,78098,156.2,15428,30.86,28.97,5.73,0.0,8.29,293.92
2026-02,TRK_M_021,23378,46.76,70758,141.52,12379,24.76,22.85,5.12,0.0,7.79,248.79999999999998
2026-02,TRK_M_022,62340,124.68,159093,318.19,28895,57.79,63.94,11.74,0.0,18.88,595.22
2026-02,TRK_M_023,51367,102.73,170515,341.03,27827,55.65,62.45,11.63,0.0,17.43,590.92
2026-02,TRK_M_024,66087,132.17,193417,386.84,35198,70.4,78.61,13.32,0.0,22.92,704.26
2026-02,TRK_M_025,98904,197.81,259105,518.21,52204,104.41,86.56,17.75,0.0,31.25,955.99
2026-02,TRK_M_026,92709,185.42,252544,505.09,44380,88.76,95.24,20.89,0.0,30.83,926.23
2026-02,TRK_M_027,61922,123.84,169047,338.09,36979,73.96,67.74,13.93,0.0,20.34,637.9
2026-02,TRK_M_028,82110,164.22,242782,485.57,38435,76.87,87.65,16.57,0.0,23.73,854.61
2026-02,TRK_M_029,45109,90.22,124529,249.06,20673,41.35,38.29,9.02,0.0,13.0,440.94
2026-02,TRK_M_030,41298,82.6,103627,207.25,21846,43.69,36.16,8.57,0.0,12.1,390.37000000000006
2026-03,TRK_M_001,1703167,3406.33,5687635,11375.27,885490,1770.98,1740.9,360.98,0.0,530.17,19184.63
2026-03,TRK_M_002,1348840,2697.68,3455497,6910.99,666492,1332.99,1262.37,263.27,0.0,381.88,12849.179999999998
2026-03,TRK_M_003,746292,1492.58,2252535,4505.07,393956,787.91,703.47,157.2,0.0,220.93,7867.16
2026-03,TRK_M_004,63737,127.47,205463,410.93,30987,61.97,65.17,14.36,0.0,20.59,700.49
2026-03,TRK_M_005,40750,81.5,97489,194.98,19817,39.64,37.94,7.15,0.0,11.32,372.53
2026-03,TRK_M_006,31601,63.2,101409,202.82,15355,30.71,35.24,6.97,0.0,9.1,348.04
2026-03,TRK_M_007,57318,114.64,160561,321.12,28092,56.19,53.56,11.94,0.0,17.15,574.6
2026-03,TRK_M_008,82726,165.45,217401,434.8,35278,70.56,81.93,16.38,0.0,21.23,790.35
2026-03,TRK_M_009,48990,97.98,140369,280.74,25187,50.38,48.5,9.4,0.0,15.06,502.06
2026-03,TRK_M_010,125183,250.37,331749,663.5,57082,114.17,126.2,21.83,0.0,35.62,1211.6899999999998
2026-03,TRK_M_011,73153,146.31,191717,383.43,35316,70.63,62.09,14.94,0.0,19.54,696.94
2026-03,TRK_M_012,56660,113.32,154384,308.77,26077,52.16,54.78,11.25,0.0,17.27,557.55
2026-03,TRK_M_013,42851,85.7,126106,252.21,21831,43.66,44.85,9.21,0.0,12.97,448.6000000000001
2026-03,TRK_M_014,35934,71.87,101675,203.35,20745,41.49,38.29,7.29,0.0,12.02,374.31000000000006
2026-03,TRK_M_015,93653,187.31,263160,526.32,39689,79.38,81.1,16.27,0.0,24.78,915.1600000000001
2026-03,TRK_M_016,56339,112.68,171004,342.01,30335,60.67,53.04,12.24,0.0,15.88,596.52
2026-03,TRK_M_017,13873,27.75,35813,71.63,6376,12.75,12.07,2.64,0.0,3.98,130.82
2026-03,TRK_M_018,55756,111.51,159855,319.71,25806,51.61,57.29,10.22,0.0,16.9,567.24
2026-03,TRK_M_019,94520,189.04,265730,531.46,49534,99.07,94.61,17.72,0.0,28.65,960.55
2026-03,TRK_M_020,22814,45.63,69753,139.51,11975,23.95,22.37,5.15,0.0,6.59,243.2
2026-03,TRK_M_021,21484,42.97,62928,125.86,12082,24.17,22.62,4.85,0.0,6.42,226.89
2026-03,TRK_M_022,61390,122.78,162050,324.1,30105,60.21,64.54,13.31,0.0,18.23,603.17
2026-03,TRK_M_023,51846,103.69,139434,278.87,26333,52.67,52.71,10.47,0.0,16.6,515.01
2026-03,TRK_M_024,72683,145.37,214126,428.25,40722,81.45,71.99,15.94,0.0,22.83,765.8300000000002
2026-03,TRK_M_025,100651,201.3,275021,550.04,51514,103.03,88.05,20.91,0.0,31.75,995.0799999999998
2026-03,TRK_M_026,93217,186.43,265695,531.39,41072,82.14,85.91,18.61,0.0,26.55,931.0299999999999
2026-03,TRK_M_027,81227,162.46,210695,421.39,40143,80.29,77.76,14.45,0.0,24.01,780.36
2026-03,TRK_M_028,99493,198.99,256444,512.89,42678,85.36,85.74,17.77,0.0,26.68,927.43
2026-03,TRK_M_029,41559,83.12,130800,261.6,20809,41.62,43.12,8.22,0.0,12.86,450.5400000000001
2026-03,TRK_M_030,42340,84.68,103088,206.18,22126,44.25,43.29,8.89,0.0,12.01,399.3
2026-04,TRK_M_001,1666475,3332.95,4288013,8576.03,782136,1564.27,1452.23,318.8,0.0,428.82,15673.099999999999
2026-04,TRK_M_002,1204735,2409.47,3270856,6541.71,554372,1108.75,1256.98,225.79,0.0,390.33,11933.03
2026-04,TRK_M_003,695913,1391.83,2034461,4068.92,356687,713.38,778.42,151.38,0.0,233.54,7337.47
2026-04,TRK_M_004,83117,166.23,213238,426.48,40185,80.37,80.52,14.36,0.0,23.3,791.26
2026-04,TRK_M_005,37485,74.97,103754,207.51,19757,39.52,35.6,8.55,0.0,12.49,378.64000000000004
2026-04,TRK_M_006,27687,55.37,83651,167.3,15136,30.27,28.69,5.8,0.0,9.8,297.2300000000001
2026-04,TRK_M_007,72044,144.09,184140,368.28,31728,63.46,74.7,13.17,0.0,20.77,684.47
2026-04,TRK_M_008,78050,156.1,218228,436.46,37811,75.62,76.19,14.48,0.0,22.73,781.5799999999999
2026-04,TRK_M_009,56446,112.89,146289,292.58,28717,57.44,48.15,10.63,0.0,14.58,536.27
2026-04,TRK_M_010,109785,219.57,275773,551.55,53797,107.6,110.58,20.26,0.0,33.44,1043.0
2026-04,TRK_M_011,61717,123.44,174013,348.03,35615,71.23,63.25,14.06,0.0,20.18,640.1899999999998
2026-04,TRK_M_012,48207,96.41,130194,260.39,24263,48.53,51.64,10.38,0.0,14.39,481.7399999999999
2026-04,TRK_M_013,45278,90.56,127306,254.61,24307,48.61,49.32,8.63,0.0,14.6,466.33000000000004
2026-04,TRK_M_014,35969,71.94,110990,221.98,20397,40.79,37.35,8.37,0.0,10.62,391.05
2026-04,TRK_M_015,69461,138.92,204852,409.71,39568,79.14,78.41,14.12,0.0,20.52,740.8199999999999
2026-04,TRK_M_016,57741,115.48,157172,314.34,30020,60.04,60.59,10.44,0.0,15.83,576.7200000000001
2026-04,TRK_M_017,9739,19.48,29193,58.39,4502,9.0,10.08,1.96,0.0,2.72,101.63
2026-04,TRK_M_018,43001,86.0,113903,227.81,21624,43.25,43.53,8.94,0.0,12.97,422.50000000000006
2026-04,TRK_M_019,76985,153.97,216644,433.29,36115,72.23,75.91,16.43,0.0,22.89,774.7199999999999
2026-04,TRK_M_020,20945,41.89,57261,114.52,11756,23.51,24.46,4.56,0.0,7.2,216.14
2026-04,TRK_M_021,21573,43.15,63800,127.6,10745,21.49,23.46,4.68,0.0,6.68,227.06000000000003
2026-04,TRK_M_022,60217,120.43,159556,319.11,28958,57.92,53.21,11.04,0.0,17.23,578.94
2026-04,TRK_M_023,61712,123.43,175602,351.21,32692,65.38,64.33,11.28,0.0,16.96,632.59
2026-04,TRK_M_024,69394,138.79,183709,367.42,30066,60.13,69.94,13.46,0.0,19.6,669.34
2026-04,TRK_M_025,107189,214.38,288197,576.39,50248,100.5,99.99,19.56,0.0,31.89,1042.71
2026-04,TRK_M_026,80604,161.21,222764,445.53,40571,81.14,79.48,16.64,0.0,25.55,809.55
2026-04,TRK_M_027,64363,128.73,181679,363.36,33758,67.52,70.42,14.04,0.0,22.58,666.65
2026-04,TRK_M_028,83173,166.35,256479,512.96,40887,81.78,78.92,15.76,0.0,24.5,880.27
2026-04,TRK_M_029,31176,62.35,100711,201.42,16003,32.01,30.66,6.92,0.0,9.38,342.74
2026-04,TRK_M_030,41926,83.85,115482,230.97,19519,39.04,45.48,8.84,0.0,12.77,420.95
2026-05,TRK_M_001,1676459,3352.92,4896874,9793.75,940776,1881.55,1722.97,309.73,0.0,462.63,17523.55
2026-05,TRK_M_002,1372277,2744.55,3791913,7583.83,617620,1235.24,1270.9,257.72,0.0,391.46,13483.699999999999
2026-05,TRK_M_003,647385,1294.77,1879716,3759.43,357448,714.9,722.81,136.38,0.0,208.41,6836.7
2026-05,TRK_M_004,67035,134.07,207236,414.47,37690,75.38,71.78,14.68,0.0,21.57,731.9499999999999
2026-05,TRK_M_005,27504,55.01,80512,161.02,15946,31.89,28.6,6.12,0.0,8.5,291.14000000000004
2026-05,TRK_M_006,24974,49.95,63546,127.09,11930,23.86,25.48,4.64,0.0,6.84,237.86
2026-05,TRK_M_007,56477,112.96,143170,286.34,23824,47.65,49.15,11.03,0.0,16.25,523.3799999999999
2026-05,TRK_M_008,66634,133.27,187647,375.3,35776,71.55,74.55,14.77,0.0,19.53,688.9699999999999
2026-05,TRK_M_009,45825,91.65,134901,269.8,27193,54.39,49.19,10.45,0.0,13.89,489.37
2026-05,TRK_M_010,110650,221.3,275151,550.3,53384,106.77,101.07,21.61,0.0,33.16,1034.2099999999998
2026-05,TRK_M_011,67738,135.48,200014,400.03,34939,69.88,66.26,13.02,0.0,20.95,705.62
2026-05,TRK_M_012,56677,113.35,152553,305.11,28328,56.66,47.11,9.43,0.0,16.92,548.5799999999999
2026-05,TRK_M_013,41440,82.88,111229,222.46,22784,45.57,44.62,8.65,0.0,12.89,417.07
2026-05,TRK_M_014,37923,75.85,105424,210.85,19499,39.0,39.44,8.01,0.0,12.42,385.57
2026-05,TRK_M_015,73331,146.66,197223,394.45,42342,84.69,84.09,16.95,0.0,24.9,751.74
2026-05,TRK_M_016,47666,95.33,136732,273.47,25136,50.27,48.21,8.93,0.0,14.63,490.84
2026-05,TRK_M_017,10318,20.64,27727,55.46,5276,10.55,9.52,2.28,0.0,3.03,101.47999999999999
2026-05,TRK_M_018,48731,97.46,138847,277.69,23419,46.84,50.58,9.57,0.0,15.75,497.89
2026-05,TRK_M_019,86643,173.29,214640,429.28,42485,84.97,76.15,16.88,0.0,25.01,805.5799999999999
2026-05,TRK_M_020,22855,45.71,70214,140.43,11613,23.23,23.95,5.3,0.0,6.68,245.3
2026-05,TRK_M_021,19557,39.11,55604,111.21,10340,20.68,18.02,4.07,0.0,6.04,199.13
2026-05,TRK_M_022,50739,101.48,132536,265.07,25315,50.63,48.02,10.51,0.0,14.95,490.65999999999997
2026-05,TRK_M_023,51903,103.81,136750,273.5,26640,53.28,52.76,10.73,0.0,15.03,509.11
2026-05,TRK_M_024,63496,126.99,171858,343.72,28514,57.03,55.59,11.05,0.0,20.08,614.46
2026-05,TRK_M_025,71523,143.05,194230,388.46,36867,73.74,69.17,15.05,0.0,22.08,711.55
2026-05,TRK_M_026,82815,165.63,233393,466.79,37632,75.26,83.54,16.48,0.0,21.83,829.5300000000001
2026-05,TRK_M_027,75543,151.09,201433,402.87,33911,67.82,74.13,14.45,0.0,20.3,730.66
2026-05,TRK_M_028,70970,141.94,195204,390.41,39731,79.46,78.45,13.65,0.0,23.76,727.6700000000001
2026-05,TRK_M_029,36800,73.6,87311,174.62,16128,32.26,34.2,7.3,0.0,10.94,332.92
2026-05,TRK_M_030,35128,70.26,85870,171.74,15592,31.19,32.67,7.28,0.0,9.9,323.03999999999996
